[
    {
        "system_name": "Clone Intelligence",
        "entry_point": "systems/clone_intelligence/social_media_ghost_cloner.py",
        "status": "ready",
        "linked_to": "sarya_engine.py"
    },
    {
        "system_name": "Clone Intelligence",
        "entry_point": "systems/clone_intelligence/aria_dispatcher_gui_telegram_voice_dashboard.py",
        "status": "ready",
        "linked_to": "sarya_engine.py"
    },
    {
        "system_name": "Clone Intelligence",
        "entry_point": "systems/clone_intelligence/system_diagnostics.py",
        "status": "ready",
        "linked_to": "sarya_engine.py"
    },
    {
        "system_name": "Clone Intelligence",
        "entry_point": "systems/clone_intelligence/autoscale_engine.py",
        "status": "ready",
        "linked_to": "sarya_engine.py"
    },
    {
        "system_name": "Clone Intelligence",
        "entry_point": "systems/clone_intelligence/sarya_interface.py",
        "status": "ready",
        "linked_to": "sarya_engine.py"
    },
    {
        "system_name": "Clone Intelligence",
        "entry_point": "systems/clone_intelligence/sarya_identity.py",
        "status": "ready",
        "linked_to": "sarya_engine.py"
    },
    {
        "system_name": "Clone Intelligence",
        "entry_point": "systems/clone_intelligence/sarya_engine.py",
        "status": "ready",
        "linked_to": "sarya_engine.py"
    },
    {
        "system_name": "Clone Intelligence",
        "entry_point": "systems/clone_intelligence/ghost_cloner.py",
        "status": "ready",
        "linked_to": "sarya_engine.py"
    },
    {
        "system_name": "Clone Intelligence",
        "entry_point": "systems/clone_intelligence/test_social_media_ghost_cloner.py",
        "status": "ready",
        "linked_to": "sarya_engine.py"
    },
    {
        "system_name": "Clone Intelligence",
        "entry_point": "systems/clone_intelligence/test_ghost_cloner.py",
        "status": "ready",
        "linked_to": "sarya_engine.py"
    },
    {
        "system_name": "Freelance Bot",
        "entry_point": "systems/freelance_bot/aria_dispatcher_gui_telegram_voice_dashboard.py",
        "status": "ready",
        "linked_to": "sarya_engine.py"
    },
    {
        "system_name": "Trading Ai",
        "entry_point": "systems/trading_ai/sentiment_analysis.py",
        "status": "ready",
        "linked_to": "sarya_engine.py"
    },
    {
        "system_name": "Trading Ai",
        "entry_point": "systems/trading_ai/real_time_risk_grid.py",
        "status": "ready",
        "linked_to": "sarya_engine.py"
    },
    {
        "system_name": "Dashboard Voice",
        "entry_point": "systems/dashboard_voice/test_aria_dispatcher_gui_telegram_voice_dashboard.py",
        "status": "ready",
        "linked_to": "sarya_engine.py"
    },
    {
        "system_name": "Signal Alerts",
        "entry_point": "systems/signal_alerts/real_time_alerts.py",
        "status": "ready",
        "linked_to": "sarya_engine.py"
    },
    {
        "system_name": "Signal Alerts",
        "entry_point": "systems/signal_alerts/dispatcher_core.py",
        "status": "ready",
        "linked_to": "sarya_engine.py"
    },
    {
        "system_name": "Signal Alerts",
        "entry_point": "systems/signal_alerts/sentiment_fusion.py",
        "status": "ready",
        "linked_to": "sarya_engine.py"
    },
    {
        "system_name": "Signal Alerts",
        "entry_point": "systems/signal_alerts/test_real_time_alerts.py",
        "status": "ready",
        "linked_to": "sarya_engine.py"
    },
    {
        "system_name": "Signal Alerts",
        "entry_point": "systems/signal_alerts/test_sentiment_analysis.py",
        "status": "ready",
        "linked_to": "sarya_engine.py"
    },
    {
        "system_name": "Signal Alerts",
        "entry_point": "systems/signal_alerts/test_sentiment_fusion.py",
        "status": "ready",
        "linked_to": "sarya_engine.py"
    },
    {
        "system_name": "Experimental Lab",
        "entry_point": "systems/experimental_lab/affiliate_autoposter.py",
        "status": "ready",
        "linked_to": "sarya_engine.py"
    },
    {
        "system_name": "Experimental Lab",
        "entry_point": "systems/experimental_lab/test_affiliate_autoposter.py",
        "status": "ready",
        "linked_to": "sarya_engine.py"
    },
    {
        "system_name": "Experimental Lab",
        "entry_point": "systems/experimental_lab/test_autoscale_engine.py",
        "status": "ready",
        "linked_to": "sarya_engine.py"
    },
    {
        "system_name": "Experimental Lab",
        "entry_point": "systems/experimental_lab/test_system_diagnostics.py",
        "status": "ready",
        "linked_to": "sarya_engine.py"
    },
    {
        "system_name": "Experimental Lab",
        "entry_point": "systems/experimental_lab/test_resume_booster.py",
        "status": "ready",
        "linked_to": "sarya_engine.py"
    },
    {
        "system_name": "Experimental Lab",
        "entry_point": "systems/experimental_lab/test_microservice_splitter.py",
        "status": "ready",
        "linked_to": "sarya_engine.py"
    },
    {
        "system_name": "Experimental Lab",
        "entry_point": "systems/experimental_lab/resume_booster.py",
        "status": "ready",
        "linked_to": "sarya_engine.py"
    },
    {
        "system_name": "Experimental Lab",
        "entry_point": "systems/experimental_lab/test_real_time_risk_grid.py",
        "status": "ready",
        "linked_to": "sarya_engine.py"
    },
    {
        "system_name": "Experimental Lab",
        "entry_point": "systems/experimental_lab/microservice_splitter.py",
        "status": "ready",
        "linked_to": "sarya_engine.py"
    }
]