{
    "core": "Primary boot logic, dispatcher, engine, kernel control",
    "reflex": "Feedback loops and self-healing behaviors",
    "clones": "Autonomous agents and distributed intelligence",
    "trading_ai": "Market analysis, strategies, trade execution",
    "soul": "Memory, emotional state, persona logic",
    "gui_voice": "Visual and auditory command interfaces",
    "income": "Wallets, profit systems, yield engines",
    "utils": "Helpers, logging, config, encryption",
    "lab": "Experimental high-potential modules",
    "lab_fragments": "Unclassified partially-recovered logic",
    "integration": "APIs and external service connectors",
    "dormant": "Archived or legacy modules",
    "legacy_corrupt": "Corrupt/unreadable modules (quarantined)",
    "tests": "Simulations and validation systems"
}